<?xml version="1.0"?>
<ruleset name="Custom ruleset for CS4218"
    xmlns="http://pmd.sourceforge.net/ruleset/2.0.0"
    xmlns:xsi="http://www.w3.org/2001/XMLSchema-instance"
    xsi:schemaLocation="http://pmd.sourceforge.net/ruleset/2.0.0 http://pmd.sourceforge.net/ruleset_2_0_0.xsd">
  <description>
  This ruleset checks for violations of code conventions and code smells.
  </description>

  <rule ref="rulesets/java/basic.xml"/>
  <rule ref="rulesets/java/braces.xml"/> 
  <rule ref="rulesets/java/codesize.xml/ExcessiveMethodLength"> 
    <properties>
        <property name="minimum" value="50"/>
    </properties>
  </rule> 
  <rule ref="rulesets/java/codesize.xml/ExcessiveParameterList"/> 
  <rule ref="rulesets/java/design.xml"/>
  <rule ref="rulesets/java/naming.xml"/>
  <rule ref="rulesets/java/strings.xml"/> 
</ruleset>

